{
  "Gardena_Tortina - Dark": [
    [
      -7.105427357601002e-15,
      0.0,
      0.0
    ],
    [
      42.57142857142858,
      46.0,
      58.28571428571429
    ],
    [
      65.85714285714286,
      70.57142857142857,
      83.28571428571429
    ],
    [
      79.72727272727273,
      88.45454545454547,
      103.9090909090909
    ],
    [
      103.5,
      109.75,
      117.5
    ],
    [
      127.25,
      131.25,
      139.25
    ]
  ],
  "Gardena_Tortina - Milk": [
    [
      -1.4210854715202004e-14,
      1.4210854715202004e-14,
      2.842170943040401e-14
    ],
    [
      67.400000000000006,
      87.0,
      79.5
    ],
    [
      62.241379310344826,
      80.44827586206897,
      100.6896551724138
    ],
    [
      66.1025641025641,
      83.76923076923079,
      112.15384615384616
    ],
    [
      79.76190476190476,
      107.80952380952382,
      141.52380952380955
    ],
    [
      114.27272727272727,
      132.1818181818182,
      153.63636363636365
    ]
  ],
  "Gardena - Dark": [
    [
      -1.4210854715202004e-14,
      0.0,
      -4.263256414560601e-14
    ],
    [
      45.55555555555556,
      46.0,
      71.77777777777777
    ],
    [
      51.46153846153847,
      67.53846153846153,
      99.6923076923077
    ],
    [
      67.3103448275862,
      85.86206896551724,
      115.41379310344827
    ],
    [
      81.23076923076923,
      104.0,
      134.15384615384616
    ],
    [
      96.55555555555554,
      118.72222222222223,
      147.05555555555554
    ]
  ],
  "Gardena - Milk": [
    [
      -2.1316282072803006e-14,
      -1.4210854715202004e-14,
      5.684341886080802e-14
    ],
    [
      23.0,
      43.25,
      72.75
    ],
    [
      50.30769230769231,
      68.0,
      107.61538461538461
    ],
    [
      60.5,
      94.5,
      134.33333333333331
    ],
    [
      75.50000000000001,
      110.90625,
      152.18749999999997
    ],
    [
      92.68085106382976,
      128.46808510638294,
      167.57446808510636
    ]
  ],
  "Chocolate_bar - Dark": [
    [
      0.0,
      0.0,
      0.0
    ],
    [
      42.0,
      37.0,
      48.0
    ],
    [
      45.5,
      53.5,
      71.5
    ],
    [
      61.2,
      71.0,
      88.8
    ],
    [
      88.0,
      109.0,
      125.0
    ],
    [
      95.0,
      123.0,
      151.0
    ]
  ],
  "Chocolate_bar - Milk": [
    [
      0.0,
      0.0,
      0.0
    ],
    [
      55.0,
      55.333333333333336,
      76.66666666666667
    ],
    [
      58.5,
      72.75,
      99.75
    ],
    [
      69.5,
      83.16666666666667,
      108.66666666666666
    ],
    [
      82.16666666666667,
      97.5,
      121.83333333333333
    ],
    [
      120.0,
      135.0,
      152.0
    ]
  ],
  "Patisserie_Orange - Dark": [
    [
      0.0,
      2.842170943040401e-14,
      5.684341886080802e-14
    ],
    [
      59.586206896551715,
      56.3103448275862,
      77.27586206896552
    ],
    [
      62.625,
      71.79166666666667,
      92.29166666666667
    ],
    [
      75.14285714285714,
      86.38095238095238,
      107.33333333333333
    ],
    [
      93.95238095238093,
      110.76190476190476,
      133.23809523809524
    ],
    [
      101.69999999999999,
      125.2,
      151.8
    ]
  ],
  "Napolitaner_Mini - Milk": [
    [
      2.842170943040401e-14,
      0.0,
      0.0
    ],
    [
      54.23529411764706,
      60.705882352941174,
      100.05882352941177
    ],
    [
      56.16129032258065,
      74.03225806451613,
      109.96774193548387
    ],
    [
      66.8409090909091,
      85.43181818181819,
      118.61363636363636
    ],
    [
      71.13888888888889,
      98.75,
      137.72222222222223
    ],
    [
      99.03125,
      123.46875,
      153.875
    ]
  ],
  "Patisserie_Coconut - Milk": [
    [
      -1.4210854715202004e-14,
      1.4210854715202004e-14,
      0.0
    ],
    [
      45.25,
      63.25,
      108.0
    ],
    [
      48.625,
      79.875,
      117.5
    ],
    [
      60.166666666666664,
      93.5,
      131.58333333333334
    ],
    [
      69.72727272727272,
      107.45454545454545,
      148.0
    ],
    [
      87.6,
      124.1,
      162.5
    ]
  ],
  "Gardena_fingers - Milk": [
    [
      2.842170943040401e-14,
      -5.684341886080802e-14,
      -5.684341886080802e-14
    ],
    [
      45.437499999999986,
      63.06250000000001,
      98.62500000000001
    ],
    [
      57.1111111111111,
      84.40740740740742,
      120.48148148148148
    ],
    [
      75.60975609756098,
      106.85365853658537,
      142.7317073170732
    ],
    [
      90.00000000000001,
      123.4153846153846,
      162.86153846153843
    ],
    [
      105.88372093023258,
      137.8837209302325,
      171.76744186046514
    ]
  ],
  "Gardena_fingers - Dark": [
    [
      4.263256414560601e-14,
      1.4210854715202004e-14,
      7.105427357601002e-14
    ],
    [
      55.76470588235294,
      65.88235294117648,
      95.05882352941177
    ],
    [
      60.92,
      80.88,
      111.16
    ],
    [
      73.83333333333333,
      95.30555555555557,
      124.13888888888889
    ],
    [
      86.53333333333335,
      109.20000000000002,
      138.03333333333333
    ],
    [
      104.85185185185188,
      124.88888888888891,
      150.44444444444446
    ]
  ],
  "Loacker_and_Cereals - Milk": [
    [
      -7.105427357601002e-15,
      0.0,
      -4.263256414560601e-14
    ],
    [
      55.970588235294116,
      67.41176470588236,
      105.61764705882354
    ],
    [
      59.297297297297305,
      89.35135135135135,
      127.75675675675677
    ],
    [
      70.92105263157893,
      104.7105263157895,
      142.81578947368422
    ],
    [
      80.36842105263156,
      119.78947368421055,
      151.66666666666669
    ],
    [
      109.41666666666666,
      127.25,
      161.10526315789474
    ]
  ],
  "Patisserie_Noir - Dark": [
    [
      7.105427357601002e-15,
      -2.842170943040401e-14,
      -5.684341886080802e-14
    ],
    [
      45.94285714285715,
      44.171428571428585,
      63.20000000000001
    ],
    [
      49.37837837837838,
      57.13513513513514,
      76.29729729729729
    ],
    [
      58.583333333333336,
      67.66666666666667,
      87.02777777777779
    ],
    [
      70.48648648648648,
      81.51351351351353,
      102.24324324324326
    ],
    [
      97.25714285714287,
      109.7142857142857,
      128.68571428571425
    ]
  ],
  "Patisserie_Cappuccino - Milk": [
    [
      0.0,
      0.0,
      0.0
    ],
    [
      50.0,
      75.0,
      114.0
    ],
    [
      52.0,
      86.66666666666667,
      124.33333333333333
    ],
    [
      63.33333333333333,
      101.0,
      139.33333333333334
    ],
    [
      81.0,
      119.0,
      155.0
    ],
    [
      98.0,
      132.0,
      163.0
    ]
  ],
  "Patisserie_Cre\u0300me_Noisette - Milk": [
    [
      0.0,
      0.0,
      0.0
    ],
    [
      55.0,
      64.0,
      100.0
    ],
    [
      57.0,
      82.0,
      116.0
    ],
    [
      69.0,
      96.0,
      128.0
    ],
    [
      80.0,
      109.0,
      140.0
    ],
    [
      92.0,
      119.0,
      150.0
    ]
  ]
}